{"cameraMode":{"drawMode":0,"name":"Shaded","section":"Shading Mode"},"sceneLighting":true,"audioPlay":false,"sceneViewState":{"m_AlwaysRefresh":false,"showFog":true,"showSkybox":true,"showFlares":true,"showImageEffects":true,"showParticleSystems":true,"showVisualEffectGraphs":true,"m_FxEnabled":true},"in2DMode":false,"pivot":{"x":1.131672739982605,"y":1.1207607984542847,"z":11.79101276397705},"rotation":{"x":0.024843085557222368,"y":0.8950920701026917,"z":-0.44235870242118838,"w":0.05027642101049423},"size":0.2866429388523102,"orthographic":false}